{
    "1" : "person",
    "2" : "bicycle",
    "3" : "car",
    "4" : "motorcycle",
    "5" : "airplane",
    "6" : "bus",
    "7" : "train",
    "8" : "truck",
    "9" : "boat",
    "10" : "trafficlight",
    "11" : "firehydrant",
    "13" : "stopsign",
    "14" : "parkingmeter",
    "15" : "bench",
    "16" : "bird",
    "17" : "cat",
    "18" : "dog",
    "19" : "horse",
    "20" : "sheep",
    "21" : "cow",
    "22" : "elephant",
    "23" : "bear",
    "24" : "zebra",
    "25" : "giraffe",
    "27" : "backpack",
    "28" : "umbrella",
    "31" : "handbag",
    "32" : "tie",
    "33" : "suitcase",
    "34" : "frisbee",
    "35" : "skis",
    "36" : "snowboard",
    "37" : "sportsball",
    "38" : "kite",
    "39" : "baseballbat",
    "40" : "baseballglove",
    "41" : "skateboard",
    "42" : "surfboard",
    "43" : "tennisracket",
    "44" : "bottle",
    "46" : "wineglass",
    "47" : "cup",
    "48" : "fork",
    "49" : "knife",
    "50" : "spoon",
    "51" : "bowl",
    "52" : "banana",
    "53" : "apple",
    "54" : "sandwich",
    "55" : "orange",
    "56" : "broccoli",
    "57" : "carrot",
    "58" : "hotdog",
    "59" : "pizza",
    "60" : "donut",
    "61" : "cake",
    "62" : "chair",
    "63" : "couch",
    "64" : "pottedplant",
    "65" : "bed",
    "67" : "diningtable",
    "70" : "toilet",
    "72" : "tv",
    "73" : "laptop",
    "74" : "mouse",
    "75" : "remote",
    "76" : "keyboard",
    "77" : "cellphone",
    "78" : "microwave",
    "79" : "oven",
    "80" : "toaster",
    "81" : "sink",
    "82" : "refrigerator",
    "84" : "book",
    "85" : "clock",
    "86" : "vase",
    "87" : "scissors",
    "88" : "teddybear",
    "89" : "hairdrier",
    "90" : "toothbrush"
    }