{"0": "person", "1": "bicycle", "2": "car", "3": "motorcycle", "4": "airplane", "5": "bus", "6": "train", "7": "truck", "8": "boat", "9": "trafficlight", "10": "firehydrant", "12": "stopsign", "13": "parkingmeter", "14": "bench", "15": "bird", "16": "cat", "17": "dog", "18": "horse", "19": "sheep", "20": "cow", "21": "elephant", "22": "bear", "23": "zebra", "24": "giraffe", "26": "backpack", "27": "umbrella", "30": "handbag", "31": "tie", "32": "suitcase", "33": "frisbee", "34": "skis", "35": "snowboard", "36": "sportsball", "37": "kite", "38": "baseballbat", "39": "baseballglove", "40": "skateboard", "41": "surfboard", "42": "tennisracket", "43": "bottle", "45": "wineglass", "46": "cup", "47": "fork", "48": "knife", "49": "spoon", "50": "bowl", "51": "banana", "52": "apple", "53": "sandwich", "54": "orange", "55": "broccoli", "56": "carrot", "57": "hotdog", "58": "pizza", "59": "donut", "60": "cake", "61": "chair", "62": "couch", "63": "pottedplant", "64": "bed", "66": "diningtable", "69": "toilet", "71": "tv", "72": "laptop", "73": "mouse", "74": "remote", "75": "keyboard", "76": "cellphone", "77": "microwave", "78": "oven", "79": "toaster", "80": "sink", "81": "refrigerator", "83": "book", "84": "clock", "85": "vase", "86": "scissors", "87": "teddybear", "88": "hairdrier", "89": "toothbrush"}